k,n,degrees_list,hodge_numbers
2,4,{1},{0, 0, 0}
2,4,{2},{0, 2, 0}
2,4,{3},{0, 20, 0}
2,4,{1, 1},{0, 1, 0}
2,4,{2, 1},{0, 5, 0}
2,4,{2, 2},{1, 19, 1}
2,4,{3, 1},{1, 19, 1}
2,4,{3, 2},{6, 57, 6}
2,4,{3, 3},{20, 137, 20}
2,4,{1, 1, 1},{0}
2,4,{2, 1, 1},{1}
2,4,{2, 2, 1},{5}
2,4,{2, 2, 2},{17}
2,4,{3, 1, 1},{4}
2,4,{3, 2, 1},{13}
2,4,{3, 2, 2},{37}
2,4,{3, 3, 1},{28}
2,4,{3, 3, 2},{73}
2,4,{3, 3, 3},{136}
2,4,{1, 1, 1, 1},{1}
2,4,{2, 1, 1, 1},{3}
2,4,{2, 2, 1, 1},{7}
2,4,{2, 2, 2, 1},{15}
2,4,{2, 2, 2, 2},{31}
2,4,{3, 1, 1, 1},{5}
2,4,{3, 2, 1, 1},{11}
2,4,{3, 2, 2, 1},{23}
2,4,{3, 2, 2, 2},{47}
2,4,{3, 3, 1, 1},{17}
2,4,{3, 3, 2, 1},{35}
2,4,{3, 3, 2, 2},{71}
2,4,{3, 3, 3, 1},{53}
2,4,{3, 3, 3, 2},{107}
2,4,{3, 3, 3, 3},{161}
2,5,{1},{0, 0, 0, 0, 0}
2,5,{2},{0, 0, 10, 0, 0}
2,5,{3},{0, 10, 300, 10, 0}
2,5,{1, 1},{0, 0, 0, 0, 0}
2,5,{2, 1},{0, 1, 20, 1, 0}
2,5,{2, 2},{0, 20, 130, 20, 0}
2,5,{3, 1},{0, 41, 230, 41, 0}
2,5,{3, 2},{1, 189, 802, 189, 1}
2,5,{3, 3},{10, 765, 2710, 765, 10}
2,5,{1, 1, 1},{0, 0, 0}
2,5,{2, 1, 1},{0, 10, 0}
2,5,{2, 2, 1},{1, 61, 1}
2,5,{2, 2, 2},{10, 260, 10}
2,5,{3, 1, 1},{1, 76, 1}
2,5,{3, 2, 1},{9, 269, 9}
2,5,{3, 2, 2},{48, 878, 48}
2,5,{3, 3, 1},{40, 790, 40}
2,5,{3, 3, 2},{163, 2323, 163}
2,5,{3, 3, 3},{460, 5455, 460}
2,5,{1, 1, 1, 1},{0, 4, 0}
2,5,{2, 1, 1, 1},{1, 19, 1}
2,5,{2, 2, 1, 1},{8, 69, 8}
2,5,{2, 2, 2, 1},{37, 219, 37}
2,5,{2, 2, 2, 2},{135, 639, 135}
2,5,{3, 1, 1, 1},{7, 64, 7}
2,5,{3, 2, 1, 1},{30, 189, 30}
2,5,{3, 2, 2, 1},{106, 529, 106}
2,5,{3, 2, 2, 2},{333, 1419, 333}
2,5,{3, 3, 1, 1},{83, 434, 83}
2,5,{3, 3, 2, 1},{257, 1139, 257}
2,5,{3, 3, 2, 2},{740, 2909, 740}
2,5,{3, 3, 3, 1},{566, 2294, 566}
2,5,{3, 3, 3, 2},{1538, 5669, 1538}
2,5,{3, 3, 3, 3},{3050, 10664, 3050}
2,6,{1},{0, 0, 0, 0, 0, 0, 0}
2,6,{2},{0, 0, 1, 69, 1, 0, 0}
2,6,{3},{0, 1, 455, 5004, 455, 1, 0}
2,6,{1, 1},{0, 0, 0, 2, 0, 0, 0}
2,6,{2, 1},{0, 0, 16, 110, 16, 0, 0}
2,6,{2, 2},{0, 2, 239, 956, 239, 2, 0}
2,6,{3, 1},{0, 14, 1001, 3432, 1001, 14, 0}
2,6,{3, 2},{0, 119, 4282, 12620, 4282, 119, 0}
2,6,{3, 3},{1, 941, 21421, 56100, 21421, 941, 1}
2,6,{1, 1, 1},{0, 0, 1, 0, 0}
2,6,{2, 1, 1},{0, 1, 67, 1, 0}
2,6,{2, 2, 1},{0, 29, 547, 29, 0}
2,6,{2, 2, 2},{1, 271, 2972, 271, 1}
2,6,{3, 1, 1},{0, 78, 1285, 78, 0}
2,6,{3, 2, 1},{1, 438, 4809, 438, 1}
2,6,{3, 2, 2},{15, 2074, 17175, 2074, 15}
2,6,{3, 3, 1},{14, 2233, 18862, 2233, 14}
2,6,{3, 3, 2},{104, 8647, 59941, 8647, 104}
2,6,{3, 3, 3},{487, 28324, 172316, 28324, 487}
2,6,{1, 1, 1, 1},{0, 0, 6, 0, 0}
2,6,{2, 1, 1, 1},{0, 15, 104, 15, 0}
2,6,{2, 2, 1, 1},{1, 139, 602, 139, 1}
2,6,{2, 2, 2, 1},{14, 767, 2624, 767, 14}
2,6,{2, 2, 2, 2},{101, 3335, 9858, 3335, 101}
2,6,{3, 1, 1, 1},{1, 219, 922, 219, 1}
2,6,{3, 2, 1, 1},{13, 917, 3186, 917, 13}
2,6,{3, 2, 2, 1},{88, 3451, 10460, 3451, 88}
2,6,{3, 2, 2, 2},{444, 11959, 32788, 11959, 444}
2,6,{3, 3, 1, 1},{76, 3318, 10234, 3318, 76}
2,6,{3, 3, 2, 1},{369, 10891, 30430, 10891, 369}
2,6,{3, 3, 2, 2},{1525, 34035, 88066, 34035, 1525}
2,6,{3, 3, 3, 1},{1232, 29249, 76840, 29249, 1232}
2,6,{3, 3, 3, 2},{4490, 85769, 211840, 85769, 4490}
2,6,{3, 3, 3, 3},{11906, 199988, 475306, 199988, 11906}
3,6,{1},{0, 0, 0, 0, 1, 0, 0, 0, 0}
3,6,{2},{0, 0, 1, 140, 601, 140, 1, 0, 0}
3,6,{3},{0, 1, 944, 21595, 56477, 21595, 944, 1, 0}
3,6,{1, 1},{0, 0, 0, 1, 0, 0, 0}
3,6,{2, 1},{0, 0, 20, 419, 20, 0, 0}
3,6,{2, 2},{0, 2, 449, 4524, 449, 2, 0}
3,6,{3, 1},{0, 19, 2768, 22600, 2768, 19, 0}
3,6,{3, 2},{0, 194, 13364, 86673, 13364, 194, 0}
3,6,{3, 3},{1, 1921, 80363, 434448, 80363, 1921, 1}
3,6,{1, 1, 1},{0, 0, 0, 7, 0, 0, 0}
3,6,{2, 1, 1},{0, 1, 139, 597, 139, 1, 0}
3,6,{2, 2, 1},{0, 39, 1581, 4957, 1581, 39, 0}
3,6,{2, 2, 2},{1, 481, 10532, 27881, 10532, 481, 1}
3,6,{3, 1, 1},{0, 138, 5082, 14947, 5082, 138, 0}
3,6,{3, 2, 1},{1, 923, 21016, 55037, 21016, 923, 1}
3,6,{3, 2, 2},{20, 5085, 82161, 196545, 82161, 5085, 20}
3,6,{3, 3, 1},{19, 5846, 97399, 234047, 97399, 5846, 19}
3,6,{3, 3, 2},{174, 25535, 333013, 748105, 333013, 25535, 174}
3,6,{3, 3, 3},{977, 96434, 1069531, 2291367, 1069531, 96434, 977}
3,6,{1, 1, 1, 1},{0, 0, 10, 0, 0}
3,6,{2, 1, 1, 1},{0, 20, 410, 20, 0}
3,6,{2, 2, 1, 1},{1, 269, 2950, 269, 1}
3,6,{2, 2, 2, 1},{19, 1891, 14846, 1891, 19}
3,6,{2, 2, 2, 2},{171, 9859, 62358, 9859, 171}
3,6,{3, 1, 1, 1},{1, 529, 5810, 529, 1}
3,6,{3, 2, 1, 1},{18, 2608, 21444, 2608, 18}
3,6,{3, 2, 2, 1},{153, 11275, 75192, 11275, 153}
3,6,{3, 2, 2, 2},{919, 44071, 251222, 44071, 919}
3,6,{3, 3, 1, 1},{136, 11548, 79418, 11548, 136}
3,6,{3, 3, 2, 1},{784, 42292, 249122, 42292, 784}
3,6,{3, 3, 2, 2},{3727, 145711, 759494, 145711, 3727}
3,6,{3, 3, 3, 1},{3079, 129709, 693092, 129709, 3079}
3,6,{3, 3, 3, 2},{12610, 413560, 2000756, 413560, 12610}
3,6,{3, 3, 3, 3},{37666, 1066042, 4843478, 1066042, 37666}
2,7,{1},{0, 0, 0, 0, 0, 0, 0, 0, 0}
2,7,{2},{0, 0, 0, 21, 441, 21, 0, 0, 0}
2,7,{3},{0, 0, 196, 13636, 88543, 13636, 196, 0, 0}
2,7,{1, 1},{0, 0, 0, 0, 0, 0, 0, 0, 0}
2,7,{2, 1},{0, 0, 1, 147, 631, 147, 1, 0, 0}
2,7,{2, 2},{0, 0, 63, 2380, 7231, 2380, 63, 0, 0}
2,7,{3, 1},{0, 1, 951, 21772, 56930, 21772, 951, 1, 0}
2,7,{3, 2},{0, 22, 5641, 90281, 214843, 90281, 5641, 22, 0}
2,7,{3, 3},{0, 392, 45864, 546973, 1197042, 546973, 45864, 392, 0}
2,7,{1, 1, 1},{0, 0, 0, 0, 0, 0, 0}
2,7,{2, 1, 1},{0, 0, 21, 441, 21, 0, 0}
2,7,{2, 2, 1},{0, 2, 464, 4664, 464, 2, 0}
2,7,{2, 2, 2},{0, 63, 4501, 31038, 4501, 63, 0}
2,7,{3, 1, 1},{0, 19, 2791, 22783, 2791, 19, 0}
2,7,{3, 2, 1},{0, 195, 13467, 87324, 13467, 195, 0}
2,7,{3, 2, 2},{1, 1473, 60344, 326736, 60344, 1473, 1}
2,7,{3, 3, 1},{1, 1928, 80735, 436426, 80735, 1928, 1}
2,7,{3, 3, 2},{21, 10526, 307508, 1455347, 307508, 10526, 21}
2,7,{3, 3, 3},{196, 50848, 1162028, 4980059, 1162028, 50848, 196}
2,7,{1, 1, 1, 1},{0, 0, 0, 13, 0, 0, 0}
2,7,{2, 1, 1, 1},{0, 1, 147, 630, 147, 1, 0}
2,7,{2, 2, 1, 1},{0, 40, 1624, 5086, 1624, 40, 0}
2,7,{2, 2, 2, 1},{1, 488, 10698, 28312, 10698, 488, 1}
2,7,{2, 2, 2, 2},{21, 3633, 54824, 130122, 54824, 3633, 21}
2,7,{3, 1, 1, 1},{0, 139, 5124, 15069, 5124, 139, 0}
2,7,{3, 2, 1, 1},{1, 929, 21163, 55416, 21163, 929, 1}
2,7,{3, 2, 2, 1},{20, 5111, 82626, 197652, 82626, 5111, 20}
2,7,{3, 2, 2, 2},{193, 24348, 305474, 680576, 305474, 24348, 193}
2,7,{3, 3, 1, 1},{19, 5867, 97786, 234969, 97786, 5867, 19}
2,7,{3, 3, 2, 1},{174, 25610, 334129, 750620, 334129, 25610, 174}
2,7,{3, 3, 2, 2},{1132, 102488, 1103896, 2347254, 1103896, 102488, 1132}
2,7,{3, 3, 3, 1},{977, 96623, 1071988, 2296687, 1071988, 96623, 977}
2,7,{3, 3, 3, 2},{5033, 348200, 3316075, 6793498, 3316075, 348200, 5033}
2,7,{3, 3, 3, 3},{18620, 1037960, 8931706, 17743417, 8931706, 1037960, 18620}
3,7,{1},{0, 0, 0, 0, 0, 0, 0, 0, 0, 0, 0}
3,7,{2},{0, 0, 0, 35, 2758, 20076, 2758, 35, 0, 0, 0}
3,7,{3},{0, 0, 490, 100254, 2076655, 8534155, 2076655, 100254, 490, 0, 0}
3,7,{1, 1},{0, 0, 0, 0, 0, 6, 0, 0, 0, 0, 0}
3,7,{2, 1},{0, 0, 1, 441, 9654, 25550, 9654, 441, 1, 0, 0}
3,7,{2, 2},{0, 0, 105, 12215, 154672, 347542, 154672, 12215, 105, 0, 0}
3,7,{3, 1},{0, 1, 3611, 257441, 2508219, 5173014, 2508219, 257441, 3611, 1, 0}
3,7,{3, 2},{0, 36, 27369, 1256523, 10153486, 19834178, 10153486, 1256523, 27369, 36, 0}
3,7,{3, 3},{0, 980, 314972, 10192196, 69711152, 129452238, 69711152, 10192196, 314972, 980, 0}
3,7,{1, 1, 1},{0, 0, 0, 0, 15, 0, 0, 0, 0}
3,7,{2, 1, 1},{0, 0, 35, 2758, 20070, 2758, 35, 0, 0}
3,7,{2, 2, 1},{0, 2, 1332, 47077, 246608, 47077, 1332, 2, 0}
3,7,{2, 2, 2},{0, 105, 20097, 435792, 1864577, 435792, 20097, 105, 0}
3,7,{3, 1, 1},{0, 33, 16539, 470895, 2190416, 470895, 16539, 33, 0}
3,7,{3, 2, 1},{0, 489, 99777, 2063802, 8478875, 2063802, 99777, 489, 0}
3,7,{3, 2, 2},{1, 4973, 547138, 8750439, 32384164, 8750439, 547138, 4973, 1}
3,7,{3, 3, 1},{1, 7234, 841103, 13543059, 50047642, 13543059, 841103, 7234, 1}
3,7,{3, 3, 2},{35, 51028, 3812282, 50394251, 171569731, 50394251, 3812282, 51028, 35}
3,7,{3, 3, 3},{490, 329182, 18300842, 208767888, 666408961, 208767888, 18300842, 329182, 490}
3,7,{1, 1, 1, 1},{0, 0, 0, 20, 146, 20, 0, 0, 0}
3,7,{2, 1, 1, 1},{0, 1, 441, 9639, 25508, 9639, 441, 1, 0}
3,7,{2, 2, 1, 1},{0, 68, 8540, 112536, 256302, 112536, 8540, 68, 0}
3,7,{2, 2, 2, 1},{1, 1342, 83498, 807574, 1676240, 807574, 83498, 1342, 1}
3,7,{2, 2, 2, 2},{35, 14581, 580104, 4534319, 8817808, 4534319, 580104, 14581, 35}
3,7,{3, 1, 1, 1},{0, 391, 50246, 613709, 1349150, 613709, 50246, 391, 0}
3,7,{3, 2, 1, 1},{1, 3575, 254207, 2475737, 5107318, 2475737, 254207, 3575, 1}
3,7,{3, 2, 2, 1},{34, 25929, 1195458, 9695475, 18967870, 9695475, 1195458, 25929, 34}
3,7,{3, 2, 2, 2},{487, 157740, 5247642, 36679480, 68652740, 36679480, 5247642, 157740, 487}
3,7,{3, 3, 1, 1},{33, 33391, 1629680, 13400035, 26279116, 13400035, 1629680, 33391, 33}
3,7,{3, 3, 2, 1},{454, 183726, 6514653, 46506770, 87487296, 46506770, 6514653, 183726, 454}
3,7,{3, 3, 2, 2},{4044, 901594, 24857024, 157686562, 286290574, 157686562, 24857024, 901594, 4044}
3,7,{3, 3, 3, 1},{3623, 910121, 26191894, 169007025, 308264924, 169007025, 26191894, 910121, 3623}
3,7,{3, 3, 3, 2},{24101, 3910052, 91942585, 537992124, 952527770, 537992124, 91942585, 3910052, 24101}
3,7,{3, 3, 3, 3},{114464, 14331800, 294765814, 1610727768, 2791746782, 1610727768, 294765814, 14331800, 114464}
2,8,{1},{0, 0, 0, 0, 0, 0, 0, 0, 0, 0, 0}
2,8,{2},{0, 0, 0, 1, 273, 3002, 273, 1, 0, 0, 0}
2,8,{3},{0, 0, 28, 12552, 353368, 1645852, 353368, 12552, 28, 0, 0}
2,8,{1, 1},{0, 0, 0, 0, 0, 3, 0, 0, 0, 0, 0}
2,8,{2, 1},{0, 0, 0, 28, 1248, 4003, 1248, 28, 0, 0, 0}
2,8,{2, 2},{0, 0, 3, 1148, 22219, 56295, 22219, 1148, 3, 0, 0}
2,8,{3, 1},{0, 0, 309, 37806, 460697, 1014179, 460697, 37806, 309, 0, 0}
2,8,{3, 2},{0, 1, 2791, 193214, 1878653, 3878229, 1878653, 193214, 2791, 1, 0}
2,8,{3, 3},{0, 56, 38852, 1704740, 13457596, 26099851, 13457596, 1704740, 38852, 56, 0}
2,8,{1, 1, 1},{0, 0, 0, 0, 3, 0, 0, 0, 0}
2,8,{2, 1, 1},{0, 0, 1, 273, 2999, 273, 1, 0, 0}
2,8,{2, 2, 1},{0, 0, 83, 5787, 39091, 5787, 83, 0, 0}
2,8,{2, 2, 2},{0, 3, 1809, 60507, 309210, 60507, 1809, 3, 0}
2,8,{3, 1, 1},{0, 1, 1864, 78234, 422848, 78234, 1864, 1, 0}
2,8,{3, 2, 1},{0, 28, 12523, 351819, 1637599, 351819, 12523, 28, 0}
2,8,{3, 2, 2},{0, 390, 74477, 1525809, 6272317, 1525809, 74477, 390, 0}
2,8,{3, 3, 1},{0, 617, 121500, 2463474, 10031140, 2463474, 121500, 617, 0}
2,8,{3, 3, 2},{1, 5252, 583074, 9334532, 34538158, 9334532, 583074, 5252, 1}
2,8,{3, 3, 3},{28, 40048, 3016520, 40215476, 137571939, 40215476, 3016520, 40048, 28}
2,8,{1, 1, 1, 1},{0, 0, 0, 1, 19, 1, 0, 0, 0}
2,8,{2, 1, 1, 1},{0, 0, 28, 1245, 3991, 1245, 28, 0, 0}
2,8,{2, 2, 1, 1},{0, 2, 818, 16451, 42291, 16451, 818, 2, 0}
2,8,{2, 2, 2, 1},{0, 82, 9882, 127459, 288371, 127459, 9882, 82, 0}
2,8,{2, 2, 2, 2},{1, 1265, 78222, 756316, 1570297, 756316, 78222, 1265, 1}
2,8,{3, 1, 1, 1},{0, 25, 6935, 111728, 265565, 111728, 6935, 25, 0}
2,8,{3, 2, 1, 1},{0, 308, 37504, 456177, 1004175, 456177, 37504, 308, 0}
2,8,{3, 2, 2, 1},{1, 2705, 186168, 1810308, 3739749, 1810308, 186168, 2705, 1}
2,8,{3, 2, 2, 2},{28, 18852, 855426, 6948321, 13617547, 6948321, 855426, 18852, 28}
2,8,{3, 3, 1, 1},{1, 3737, 267036, 2600808, 5364729, 2600808, 267036, 3737, 1}
2,8,{3, 3, 2, 1},{27, 23201, 1109378, 9128828, 17932245, 9128828, 1109378, 23201, 27}
2,8,{3, 3, 2, 2},{334, 124526, 4373394, 31304823, 58999959, 31304823, 4373394, 124526, 334}
2,8,{3, 3, 3, 1},{308, 129587, 4722967, 34255486, 64777125, 34255486, 4722967, 129587, 308}
2,8,{3, 3, 3, 2},{2489, 593825, 17006278, 110102692, 201199377, 110102692, 17006278, 593825, 2489}
2,8,{3, 3, 3, 3},{13748, 2332292, 56589736, 337272781, 600780603, 337272781, 56589736, 2332292, 13748}
3,8,{1},{0, 0, 0, 0, 0, 0, 0, 1, 0, 0, 0, 0, 0, 0, 0}
3,8,{2},{0, 0, 0, 1, 1112, 67305, 650553, 1351504, 650553, 67305, 1112, 1, 0, 0, 0}
3,8,{3},{0, 0, 56, 113568, 12183320, 239918314, 1290910630, 2228365903, 1290910630, 239918314, 12183320, 113568, 56, 0, 0}
3,8,{1, 1},{0, 0, 0, 0, 0, 0, 7, 0, 0, 0, 0, 0, 0}
3,8,{2, 1},{0, 0, 0, 56, 11256, 256472, 1126935, 256472, 11256, 56, 0, 0, 0}
3,8,{2, 2},{0, 0, 3, 4507, 376955, 5516118, 19868743, 5516118, 376955, 4507, 3, 0, 0}
3,8,{3, 1},{0, 0, 1121, 580095, 29088325, 315221006, 983763869, 315221006, 29088325, 580095, 1121, 0, 0}
3,8,{3, 2},{0, 1, 15223, 3875656, 142503803, 1319401287, 3844637537, 1319401287, 142503803, 3875656, 15223, 1, 0}
3,8,{3, 3},{0, 112, 343336, 52106776, 1462430238, 11656834536, 31724639971, 11656834536, 1462430238, 52106776, 343336, 112, 0}
3,8,{1, 1, 1},{0, 0, 0, 0, 0, 21, 169, 21, 0, 0, 0, 0, 0}
3,8,{2, 1, 1},{0, 0, 1, 1112, 67305, 650546, 1351488, 650546, 67305, 1112, 1, 0, 0}
3,8,{2, 2, 1},{0, 0, 167, 46432, 1540887, 10997200, 20784410, 10997200, 1540887, 46432, 167, 0, 0}
3,8,{2, 2, 2},{0, 3, 6849, 836418, 18477228, 107314782, 190247626, 107314782, 18477228, 836418, 6849, 3, 0}
3,8,{3, 1, 1},{0, 1, 11860, 2124680, 53193821, 321518771, 574956135, 321518771, 53193821, 2124680, 11860, 1, 0}
3,8,{3, 2, 1},{0, 56, 113511, 12170896, 239583281, 1288876670, 2224760528, 1288876670, 239583281, 12170896, 113511, 56, 0}
3,8,{3, 2, 2},{0, 1286, 917127, 65763414, 1055825637, 5129965678, 8582189794, 5129965678, 1055825637, 65763414, 917127, 1286, 0}
3,8,{3, 3, 1},{0, 2241, 1771100, 128968456, 2061899647, 9955901817, 16613305205, 9955901817, 2061899647, 128968456, 1771100, 2241, 0}
3,8,{3, 3, 2},{1, 29220, 11224076, 596931527, 8092276807, 35939602575, 58442690428, 35939602575, 8092276807, 596931527, 11224076, 29220, 1}
3,8,{3, 3, 3},{56, 345968, 83277640, 3495791982, 41437207160, 171413587735, 272573318595, 171413587735, 41437207160, 3495791982, 83277640, 345968, 56}
3,8,{1, 1, 1, 1},{0, 0, 0, 0, 35, 707, 35, 0, 0, 0, 0}
3,8,{2, 1, 1, 1},{0, 0, 56, 11256, 256451, 1126731, 256451, 11256, 56, 0, 0}
3,8,{2, 2, 1, 1},{0, 2, 3282, 286026, 4285323, 15612839, 4285323, 286026, 3282, 2, 0}
3,8,{2, 2, 2, 1},{0, 166, 71758, 3622542, 40876003, 131234839, 40876003, 3622542, 71758, 166, 0}
3,8,{2, 2, 2, 2},{1, 4625, 920574, 31787647, 291964616, 854014201, 291964616, 31787647, 920574, 4625, 1}
3,8,{3, 1, 1, 1},{0, 53, 77935, 5731345, 74605485, 251748621, 74605485, 5731345, 77935, 53, 0}
3,8,{3, 2, 1, 1},{0, 1120, 578926, 29008652, 314246683, 980634893, 314246683, 29008652, 578926, 1120, 0}
3,8,{3, 2, 2, 1},{1, 15053, 3824494, 140528273, 1301090610, 3791860249, 1301090610, 140528273, 3824494, 15053, 1}
3,8,{3, 2, 2, 2},{56, 151872, 22885068, 651635684, 5272598681, 14474587435, 5272598681, 651635684, 22885068, 151872, 56}
3,8,{3, 3, 1, 1},{1, 23673, 6592520, 247316793, 2295293510, 6681880631, 2295293510, 247316793, 6592520, 23673, 1}
3,8,{3, 3, 2, 1},{55, 213425, 35366618, 1039083933, 8493752292, 23382601367, 8493752292, 1039083933, 35366618, 213425, 55}
3,8,{3, 3, 2, 2},{1174, 1580736, 175903316, 4213429602, 30851677091, 80849522801, 30851677091, 4213429602, 175903316, 1580736, 1174}
3,8,{3, 3, 3, 1},{1120, 1801909, 212819099, 5222021715, 38628037021, 101610960257, 38628037021, 5222021715, 212819099, 1801909, 1120}
3,8,{3, 3, 3, 2},{14053, 10924537, 942173456, 19521705897, 131563592920, 331811100551, 131563592920, 19521705897, 942173456, 10924537, 14053}
3,8,{3, 3, 3, 3},{116200, 58968232, 4112733650, 75358795452, 473229704689, 1155150453563, 473229704689, 75358795452, 4112733650, 58968232, 116200}
4,8,{1},{0, 0, 0, 0, 0, 0, 0, 3, 0, 0, 0, 0, 0, 0, 0}
4,8,{2},{0, 0, 0, 1, 1700, 155422, 2423049, 9017875, 2423049, 155422, 1700, 1, 0, 0, 0}
4,8,{3},{0, 0, 70, 229194, 36070582, 1036627058, 8384552560, 22978936427, 8384552560, 1036627058, 36070582, 229194, 70, 0, 0}
4,8,{1, 1},{0, 0, 0, 0, 0, 0, 11, 91, 11, 0, 0, 0, 0, 0, 0}
4,8,{2, 1},{0, 0, 0, 70, 21042, 744016, 5531947, 10601939, 5531947, 744016, 21042, 70, 0, 0, 0}
4,8,{2, 2},{0, 0, 3, 6859, 842316, 18696542, 108857786, 193117765, 108857786, 18696542, 842316, 6859, 3, 0, 0}
4,8,{3, 1},{0, 0, 1695, 1360931, 100532782, 1624415628, 7892921510, 13197950797, 7892921510, 1624415628, 100532782, 1360931, 1695, 0, 0}
4,8,{3, 2},{0, 1, 26395, 9918614, 524541431, 7103238339, 31547753091, 51305119547, 31547753091, 7103238339, 524541431, 9918614, 26395, 1, 0}
4,8,{3, 3},{0, 140, 690956, 151510220, 6032081700, 69243340204, 281423218315, 444972926899, 281423218315, 69243340204, 6032081700, 151510220, 690956, 140, 0}
4,8,{1, 1, 1},{0, 0, 0, 0, 0, 24, 532, 24, 0, 0, 0, 0, 0}
4,8,{2, 1, 1},{0, 0, 1, 1700, 155422, 2423038, 9017767, 2423038, 155422, 1700, 1, 0, 0}
4,8,{2, 2, 1},{0, 0, 209, 85702, 4226438, 47102670, 150351277, 47102670, 4226438, 85702, 209, 0, 0}
4,8,{2, 2, 2},{0, 3, 10377, 1816698, 58277529, 512676368, 1469416681, 512676368, 58277529, 1816698, 10377, 3, 0}
4,8,{3, 1, 1},{0, 1, 21310, 5816282, 217304967, 2016008964, 5869952360, 2016008964, 217304967, 5816282, 21310, 1, 0}
4,8,{3, 2, 1},{0, 70, 229123, 36047770, 1035706578, 8375853548, 22953784663, 8375853548, 1035706578, 36047770, 229123, 70, 0}
4,8,{3, 2, 2},{0, 1902, 2042993, 209121558, 4808912484, 34474093698, 89507015485, 34474093698, 4808912484, 209121558, 2042993, 1902, 0}
4,8,{3, 3, 1},{0, 3389, 4128798, 433548286, 9969943159, 71086346944, 183847369996, 71086346944, 9969943159, 433548286, 4128798, 3389, 0}
4,8,{3, 3, 2},{1, 50948, 28648596, 2144986649, 41115768126, 265229066041, 655641976671, 265229066041, 41115768126, 2144986649, 28648596, 50948, 1}
4,8,{3, 3, 3},{70, 694330, 238183076, 13866378648, 229455050930, 1359752869742, 3231712347136, 1359752869742, 229455050930, 13866378648, 238183076, 694330, 70}
4,8,{1, 1, 1, 1},{0, 0, 0, 0, 36, 1475, 4721, 1475, 36, 0, 0, 0, 0}
4,8,{2, 1, 1, 1},{0, 0, 70, 21042, 743992, 5531369, 10600693, 5531369, 743992, 21042, 70, 0, 0}
4,8,{2, 2, 1, 1},{0, 2, 5018, 643110, 14630050, 86353087, 153878353, 86353087, 14630050, 643110, 5018, 2, 0}
4,8,{2, 2, 2, 1},{0, 208, 130866, 9492498, 158553882, 796209845, 1348555537, 796209845, 158553882, 9492498, 130866, 208, 0}
4,8,{2, 2, 2, 2},{1, 6977, 1950414, 94634503, 1258024985, 5595719279, 9121149593, 5595719279, 1258024985, 94634503, 1950414, 6977, 1}
4,8,{3, 1, 1, 1},{0, 67, 165197, 18456539, 366255594, 1970269485, 3398808459, 1970269485, 366255594, 18456539, 165197, 67, 0}
4,8,{3, 2, 1, 1},{0, 1694, 1359160, 100354618, 1621093152, 7875948747, 13169313233, 7875948747, 1621093152, 100354618, 1359160, 1694, 0}
4,8,{3, 2, 2, 1},{1, 26183, 9825774, 519365933, 7032468673, 31235909411, 50800697289, 31235909411, 7032468673, 519365933, 9825774, 26183, 1}
4,8,{3, 2, 2, 2},{70, 297360, 63875466, 2563777330, 29813578964, 122358723605, 194151060961, 122358723605, 29813578964, 2563777330, 63875466, 297360, 70}
4,8,{3, 3, 1, 1},{1, 42545, 17830944, 970088677, 13210309287, 58648620333, 95320245353, 58648620333, 13210309287, 970088677, 17830944, 42545, 1}
4,8,{3, 3, 2, 1},{69, 433673, 103953782, 4335253139, 51104126111, 210652905503, 334562287229, 210652905503, 51104126111, 4335253139, 103953782, 433673, 69}
4,8,{3, 3, 2, 2},{1762, 3568316, 557628246, 18620129368, 193610346624, 747243142995, 1162565224793, 747243142995, 193610346624, 18620129368, 557628246, 3568316, 1762}
4,8,{3, 3, 3, 1},{1694, 4174811, 698133769, 23977449579, 252433394860, 979404177973, 1525966836851, 979404177973, 252433394860, 23977449579, 698133769, 4174811, 1694}
4,8,{3, 3, 3, 2},{24623, 27763367, 3308843062, 94472395851, 893952628357, 3277575970897, 5016463861229, 3277575970897, 893952628357, 94472395851, 3308843062, 27763367, 24623}
4,8,{3, 3, 3, 3},{232568, 166117820, 15773968648, 393986079492, 3438381319996, 12062494454179, 18204250684673, 12062494454179, 3438381319996, 393986079492, 15773968648, 166117820, 232568}
2,9,{1},{0, 0, 0, 0, 0, 0, 0, 0, 0, 0, 0, 0, 0}
2,9,{2},{0, 0, 0, 0, 36, 2880, 20952, 2880, 36, 0, 0, 0, 0}
2,9,{3},{0, 0, 1, 4869, 536176, 8581468, 31754314, 8581468, 536176, 4869, 1, 0, 0}
2,9,{1, 1},{0, 0, 0, 0, 0, 0, 0, 0, 0, 0, 0, 0, 0}
2,9,{2, 1},{0, 0, 0, 1, 459, 10081, 26658, 10081, 459, 1, 0, 0, 0}
2,9,{2, 2},{0, 0, 0, 144, 16209, 200340, 446202, 200340, 16209, 144, 0, 0, 0}
2,9,{3, 1},{0, 0, 35, 26191, 1201858, 9717343, 18985978, 9717343, 1201858, 26191, 35, 0, 0}
2,9,{3, 2},{0, 0, 576, 174707, 5678919, 39241151, 73173402, 39241151, 5678919, 174707, 576, 0, 0}
2,9,{3, 3},{0, 2, 14684, 2317106, 55084060, 325546066, 578456572, 325546066, 55084060, 2317106, 14684, 2, 0}
2,9,{1, 1, 1},{0, 0, 0, 0, 0, 0, 0, 0, 0, 0, 0}
2,9,{2, 1, 1},{0, 0, 0, 36, 2880, 20952, 2880, 36, 0, 0, 0}
2,9,{2, 2, 1},{0, 0, 3, 1875, 63687, 326487, 63687, 1875, 3, 0, 0}
2,9,{2, 2, 2},{0, 0, 216, 36081, 725985, 2998602, 725985, 36081, 216, 0, 0}
2,9,{3, 1, 1},{0, 0, 471, 95700, 1981020, 8142015, 1981020, 95700, 471, 0, 0}
2,9,{3, 2, 1},{0, 1, 4868, 535680, 8568048, 31696623, 8568048, 535680, 4868, 1, 0}
2,9,{3, 2, 2},{0, 38, 40684, 2817285, 36350769, 122835948, 36350769, 2817285, 40684, 38, 0}
2,9,{3, 3, 1},{0, 70, 79961, 5463588, 69108006, 230785851, 69108006, 5463588, 79961, 70, 0}
2,9,{3, 3, 2},{0, 1114, 508322, 24495138, 261629184, 812700486, 261629184, 24495138, 508322, 1114, 0}
2,9,{3, 3, 3},{1, 14761, 3737108, 137176508, 1269822243, 3701015373, 1269822243, 137176508, 3737108, 14761, 1}
2,9,{1, 1, 1, 1},{0, 0, 0, 0, 0, 29, 0, 0, 0, 0, 0}
2,9,{2, 1, 1, 1},{0, 0, 1, 459, 10081, 26657, 10081, 459, 1, 0, 0}
2,9,{2, 2, 1, 1},{0, 0, 106, 12375, 156346, 350981, 156346, 12375, 106, 0, 0}
2,9,{2, 2, 2, 1},{0, 3, 2872, 155265, 1398898, 2839487, 1398898, 155265, 2872, 3, 0}
2,9,{2, 2, 2, 2},{0, 144, 39789, 1321389, 9455169, 17893493, 9455169, 1321389, 39789, 144, 0}
2,9,{3, 1, 1, 1},{0, 1, 3455, 245621, 2392787, 4935481, 2392787, 245621, 3455, 1, 0}
2,9,{3, 2, 1, 1},{0, 35, 26154, 1198483, 9683430, 18917415, 9683430, 1198483, 26154, 35, 0}
2,9,{3, 2, 2, 1},{0, 573, 172684, 5596689, 38640556, 72047567, 38640556, 5596689, 172684, 573, 0}
2,9,{3, 2, 2, 2},{1, 6372, 1021167, 25026735, 151272850, 270959345, 151272850, 25026735, 1021167, 6372, 1}
2,9,{3, 3, 1, 1},{0, 940, 299027, 9661364, 66074783, 122707633, 66074783, 9661364, 299027, 940, 0}
2,9,{3, 3, 2, 1},{1, 9204, 1575660, 39099555, 236322901, 422903945, 236322901, 39099555, 1575660, 9204, 1}
2,9,{3, 3, 2, 2},{36, 70711, 7658099, 152934041, 831493493, 1440755875, 831493493, 152934041, 7658099, 70711, 36}
2,9,{3, 3, 3, 1},{35, 81350, 9207805, 186512065, 1018591692, 1766667675, 1018591692, 186512065, 9207805, 81350, 35}
2,9,{3, 3, 3, 2},{539, 496853, 39657529, 673563247, 3368567220, 5686487739, 3368567220, 673563247, 39657529, 496853, 539}
2,9,{3, 3, 3, 3},{4946, 2667602, 166894594, 2481990757, 11583758508, 19136007951, 11583758508, 2481990757, 166894594, 2667602, 4946}
3,9,{1},{0, 0, 0, 0, 0, 0, 0, 0, 2, 0, 0, 0, 0, 0, 0, 0, 0}
3,9,{2},{0, 0, 0, 0, 84, 36150, 1879449, 21813090, 71136917, 21813090, 1879449, 36150, 84, 0, 0, 0, 0}
3,9,{3},{0, 0, 1, 41499, 22273012, 1645621994, 31439927324, 202757614238, 501353275746, 202757614238, 31439927324, 1645621994, 22273012, 41499, 1, 0, 0}
3,9,{1, 1},{0, 0, 0, 0, 0, 0, 0, 10, 92, 10, 0, 0, 0, 0, 0, 0, 0}
3,9,{2, 1},{0, 0, 0, 1, 2439, 321940, 7577687, 45807451, 82312344, 45807451, 7577687, 321940, 2439, 1, 0, 0, 0}
3,9,{2, 2},{0, 0, 0, 336, 185676, 12710817, 205842258, 1017039061, 1713732500, 1017039061, 205842258, 12710817, 185676, 336, 0, 0, 0}
3,9,{3, 1},{0, 0, 83, 412888, 92451793, 3751820547, 43685827603, 179088426331, 283980875326, 179088426331, 43685827603, 3751820547, 92451793, 412888, 83, 0, 0}
3,9,{3, 2},{0, 0, 2604, 4050713, 576352209, 18415270178, 187163129965, 714266351797, 1107455506192, 714266351797, 187163129965, 18415270178, 576352209, 4050713, 2604, 0, 0}
3,9,{3, 3},{0, 2, 124574, 90901712, 8931578610, 228988914309, 2034067137968, 7208778749161, 10915302369640, 7208778749161, 2034067137968, 228988914309, 8931578610, 90901712, 124574, 2, 0}
3,9,{1, 1, 1},{0, 0, 0, 0, 0, 0, 29, 667, 29, 0, 0, 0, 0, 0, 0}
3,9,{2, 1, 1},{0, 0, 0, 84, 36150, 1879449, 21813080, 71136811, 21813080, 1879449, 36150, 84, 0, 0, 0}
3,9,{2, 2, 1},{0, 0, 3, 9747, 1688676, 54173043, 477366623, 1369674922, 477366623, 54173043, 1688676, 9747, 3, 0, 0}
3,9,{2, 2, 2},{0, 0, 504, 381204, 35496765, 802619226, 5790056213, 15144757246, 5790056213, 802619226, 35496765, 381204, 504, 0, 0}
3,9,{3, 1, 1},{0, 0, 2355, 2809779, 296225724, 6865820352, 49271097020, 127868733136, 49271097020, 6865820352, 296225724, 2809779, 2355, 0, 0}
3,9,{3, 2, 1},{0, 1, 41498, 22270488, 1645261465, 31430148248, 202682416010, 501154019032, 202682416010, 31430148248, 1645261465, 22270488, 41498, 1, 0}
3,9,{3, 2, 2},{0, 86, 537127, 159482742, 8765759795, 141461386954, 829152826070, 1962487895152, 829152826070, 141461386954, 8765759795, 159482742, 537127, 86, 0}
3,9,{3, 3, 1},{0, 166, 1241243, 382515471, 21035305732, 336479673023, 1954912659707, 4603528834870, 1954912659707, 336479673023, 21035305732, 382515471, 1241243, 166, 0}
3,9,{3, 3, 2},{0, 5122, 11746022, 2287009392, 98652147958, 1369557435893, 7337521309334, 16646528796901, 7337521309334, 1369557435893, 98652147958, 2287009392, 11746022, 5122, 0}
3,9,{3, 3, 3},{1, 124651, 139069910, 19306568244, 683505162859, 8394551208176, 41816333847778, 91678509614599, 41816333847778, 8394551208176, 683505162859, 19306568244, 139069910, 124651, 1}
3,9,{1, 1, 1, 1},{0, 0, 0, 0, 0, 56, 2236, 7009, 2236, 56, 0, 0, 0, 0, 0}
3,9,{2, 1, 1, 1},{0, 0, 1, 2439, 321940, 7577658, 45806735, 82310825, 45806735, 7577658, 321940, 2439, 1, 0, 0}
3,9,{2, 2, 1, 1},{0, 0, 250, 144564, 10151338, 166994355, 832474268, 1406834189, 832474268, 166994355, 10151338, 144564, 250, 0, 0}
3,9,{2, 2, 2, 1},{0, 3, 14608, 3535596, 158603101, 2013064650, 8732204885, 14120124581, 8732204885, 2013064650, 158603101, 3535596, 14608, 3, 0}
3,9,{2, 2, 2, 2},{0, 336, 391056, 52468035, 1691157546, 17636928467, 68784236404, 107522592067, 68784236404, 17636928467, 1691157546, 52468035, 391056, 336, 0}
3,9,{3, 1, 1, 1},{0, 1, 34433, 13809242, 743135580, 10099330659, 44844991793, 72902082869, 44844991793, 10099330659, 743135580, 13809242, 34433, 1, 0}
3,9,{3, 2, 1, 1},{0, 83, 412803, 92413120, 3749583008, 43654557387, 178949668979, 283756289267, 178949668979, 43654557387, 3749583008, 92413120, 412803, 83, 0}
3,9,{3, 2, 2, 1},{0, 2601, 4040626, 574465671, 18346375702, 186418170354, 711356463740, 1102920111503, 711356463740, 186418170354, 18346375702, 574465671, 4040626, 2601, 0}
3,9,{3, 2, 2, 2},{1, 48798, 34046964, 3353033026, 87161612509, 785102188013, 2809160425304, 4267848975533, 2809160425304, 785102188013, 87161612509, 3353033026, 34046964, 48798, 1}
3,9,{3, 3, 1, 1},{0, 4708, 8474324, 1248894845, 40080819234, 405737706585, 1541603363024, 2386067639681, 1541603363024, 405737706585, 40080819234, 1248894845, 8474324, 4708, 0}
3,9,{3, 3, 2, 1},{1, 80388, 64126125, 6595242655, 173746413871, 1569105616142, 5611587535991, 8521557950057, 5611587535991, 1569105616142, 173746413871, 6595242655, 64126125, 80388, 1}
3,9,{3, 3, 2, 2},{84, 981820, 431161643, 32979924290, 732344478546, 5975997887277, 20237953853495, 30206649900629, 20237953853495, 5975997887277, 732344478546, 32979924290, 431161643, 981820, 84}
3,9,{3, 3, 3, 1},{83, 1243823, 592893301, 46812650745, 1053074195003, 8637467230579, 29304640635593, 43758147207335, 29304640635593, 8637467230579, 1053074195003, 46812650745, 592893301, 1243823, 83}
3,9,{3, 3, 3, 2},{2519, 11383541, 3419218072, 211440135159, 4113513220160, 30912771738889, 100020709776095, 147118300732277, 100020709776095, 30912771738889, 4113513220160, 211440135159, 3419218072, 11383541, 2519}
3,9,{3, 3, 3, 3},{41576, 94526732, 20786520082, 1073378509155, 18646873743656, 130564232327437, 406224240479282, 590038788089513, 406224240479282, 130564232327437, 18646873743656, 1073378509155, 20786520082, 94526732, 41576}
4,9,{1},{0, 0, 0, 0, 0, 0, 0, 0, 1, 45, 1, 0, 0, 0, 0, 0, 0, 0, 0}
4,9,{2},{0, 0, 0, 0, 126, 107982, 11025828, 267058044, 2017356121, 5399830296, 2017356121, 267058044, 11025828, 107982, 126, 0, 0, 0, 0}
4,9,{3},{0, 0, 1, 116343, 127554562, 17604213500, 622051574078, 7636263226763, 38038518827071, 83400586184505, 38038518827071, 7636263226763, 622051574078, 17604213500, 127554562, 116343, 1, 0, 0}
4,9,{1, 1},{0, 0, 0, 0, 0, 0, 0, 8, 476, 1790, 476, 8, 0, 0, 0, 0, 0, 0, 0}
4,9,{2, 1},{0, 0, 0, 1, 5211, 1342036, 63543178, 840464227, 3740029893, 6099987529, 3740029893, 840464227, 63543178, 1342036, 5211, 1, 0, 0, 0}
4,9,{2, 2},{0, 0, 0, 504, 547596, 70913664, 2238368220, 23043321323, 89214590555, 139126255901, 89214590555, 23043321323, 2238368220, 70913664, 547596, 504, 0, 0, 0}
4,9,{3, 1},{0, 0, 125, 1526950, 677702059, 51675860979, 1140047298871, 9245993285183, 31182160347167, 46474039654028, 31182160347167, 9245993285183, 1140047298871, 51675860979, 677702059, 1526950, 125, 0, 0}
4,9,{3, 2},{0, 0, 5418, 18148823, 4842884358, 281401439147, 5278132763009, 38809257437193, 124102969359676, 181861190441673, 124102969359676, 38809257437193, 5278132763009, 281401439147, 4842884358, 18148823, 5418, 0, 0}
4,9,{3, 3},{0, 2, 349106, 515692496, 92525979918, 4230810083720, 67958539629227, 452693523571194, 1369610515458392, 1971452589467948, 1369610515458392, 452693523571194, 67958539629227, 4230810083720, 92525979918, 515692496, 349106, 2, 0}
4,9,{1, 1, 1},{0, 0, 0, 0, 0, 0, 28, 2188, 16985, 2188, 28, 0, 0, 0, 0, 0, 0}
4,9,{2, 1, 1},{0, 0, 0, 126, 107982, 11025828, 267058036, 2017355635, 5399827940, 2017355635, 267058036, 11025828, 107982, 126, 0, 0, 0}
4,9,{2, 2, 1},{0, 0, 3, 20793, 6867012, 420929268, 7450986961, 46643425030, 114217884119, 46643425030, 7450986961, 420929268, 6867012, 20793, 3, 0, 0}
4,9,{2, 2, 2},{0, 0, 756, 1110564, 189402570, 7919163378, 110441182753, 599510098963, 1372567894094, 599510098963, 110441182753, 7919163378, 189402570, 1110564, 756, 0, 0}
4,9,{3, 1, 1},{0, 0, 5043, 13563057, 2796328443, 123590003613, 1734742489825, 9339659969725, 21227985562394, 9339659969725, 1734742489825, 123590003613, 2796328443, 13563057, 5043, 0, 0}
4,9,{3, 2, 1},{0, 1, 116342, 127549224, 17602758271, 621975663036, 7635092161314, 38031920976829, 83385346336742, 38031920976829, 7635092161314, 621975663036, 17602758271, 127549224, 116342, 1, 0}
4,9,{3, 2, 2},{0, 128, 1875595, 1061312874, 105084748844, 3054973797192, 33259221340853, 154367578363930, 327474120468062, 154367578363930, 33259221340853, 3054973797192, 105084748844, 1061312874, 1875595, 128, 0}
4,9,{3, 3, 1},{0, 250, 4583543, 2760265461, 277042438351, 8034456029397, 86876332329855, 400692484769869, 846986918559761, 400692484769869, 86876332329855, 8034456029397, 277042438351, 2760265461, 4583543, 250, 0}
4,9,{3, 3, 2},{0, 10708, 52859918, 19007585415, 1448878178212, 35594919075285, 347074917470223, 1505638273288711, 3092627750752199, 1505638273288711, 347074917470223, 35594919075285, 1448878178212, 19007585415, 52859918, 10708, 0}
4,9,{3, 3, 3},{1, 349183, 781752962, 194182646412, 11897284213886, 253904496197919, 2258674379610110, 9264761098258527, 18529619015886194, 9264761098258527, 2258674379610110, 253904496197919, 11897284213886, 194182646412, 781752962, 349183, 1}
4,9,{1, 1, 1, 1},{0, 0, 0, 0, 0, 56, 5768, 76240, 175650, 76240, 5768, 56, 0, 0, 0, 0, 0}
4,9,{2, 1, 1, 1},{0, 0, 1, 5211, 1342036, 63543150, 840461995, 3740009768, 6099949979, 3740009768, 840461995, 63543150, 1342036, 5211, 1, 0, 0}
4,9,{2, 2, 1, 1},{0, 0, 376, 429066, 57095782, 1833198000, 19077979198, 74317347194, 116126624963, 74317347194, 19077979198, 1833198000, 57095782, 429066, 376, 0, 0}
4,9,{2, 2, 2, 1},{0, 3, 31114, 14048034, 1154478523, 27639523413, 239868111616, 845128718795, 1278687430427, 845128718795, 239868111616, 27639523413, 1154478523, 14048034, 31114, 3, 0}
4,9,{2, 2, 2, 2},{0, 504, 1125936, 268990200, 15371325864, 292922496839, 2203626078893, 7171664670730, 10577349617091, 7171664670730, 2203626078893, 292922496839, 15371325864, 268990200, 1125936, 504, 0}
4,9,{3, 1, 1, 1},{0, 1, 101213, 86764178, 9128463993, 242153099218, 2189882655830, 7829656241410, 11886973212822, 7829656241410, 2189882655830, 242153099218, 9128463993, 86764178, 101213, 1, 0}
4,9,{3, 2, 1, 1},{0, 125, 1526823, 677588740, 51663385133, 1139705671829, 9242868407277, 31171003133223, 46457140008829, 31171003133223, 9242868407277, 1139705671829, 51663385133, 677588740, 1526823, 125, 0}
4,9,{3, 2, 2, 1},{0, 5415, 18127522, 4835443746, 280901387167, 5267958935382, 38731279239652, 123849153430079, 181487528430005, 123849153430079, 38731279239652, 5267958935382, 280901387167, 4835443746, 18127522, 5415, 0}
4,9,{3, 2, 2, 2},{1, 131832, 180925992, 32038428196, 1473379105025, 23920705395317, 160943763482889, 490226647670336, 707310964232279, 490226647670336, 160943763482889, 23920705395317, 1473379105025, 32038428196, 180925992, 131832, 1}
4,9,{3, 3, 1, 1},{0, 10084, 40747538, 11506269338, 678984654408, 12749501056297, 93448828154606, 297897443311552, 436011026802552, 297897443311552, 93448828154606, 12749501056297, 678984654408, 11506269338, 40747538, 10084, 0}
4,9,{3, 3, 2, 1},{1, 227220, 368351157, 69275086006, 3258154362287, 53283291742997, 358971259710675, 1092908118437978, 1576346666698763, 1092908118437978, 358971259710675, 53283291742997, 3258154362287, 69275086006, 368351157, 227220, 1}
4,9,{3, 3, 2, 2},{126, 3495490, 2901157127, 390889283621, 15106530325524, 218437539173899, 1363474259558630, 3980391525029722, 5664435649389549, 3980391525029722, 1363474259558630, 218437539173899, 15106530325524, 390889283621, 2901157127, 3495490, 126}
4,9,{3, 3, 3, 1},{125, 4586237, 4214651035, 592216686258, 23315550140413, 339912066050316, 2128992187046722, 6223066658102175, 8858675447459182, 6223066658102175, 2128992187046722, 339912066050316, 23315550140413, 592216686258, 4214651035, 4586237, 125}
4,9,{3, 3, 3, 2},{5291, 51397235, 28074570616, 2991406181640, 99559757445199, 1304087516584647, 7638393957908359, 21514057144001247, 30263546344148293, 21514057144001247, 7638393957908359, 1304087516584647, 99559757445199, 2991406181640, 28074570616, 51397235, 5291}
4,9,{3, 3, 3, 3},{116420, 526646684, 203434261798, 17723726396244, 518162629854835, 6227656697799114, 34512148573833589, 94222030235626812, 131211244048021594, 94222030235626812, 34512148573833589, 6227656697799114, 518162629854835, 17723726396244, 203434261798, 526646684, 116420}
2,10,{1},{0, 0, 0, 0, 0, 0, 0, 0, 0, 0, 0, 0, 0, 0, 0}
2,10,{2},{0, 0, 0, 0, 1, 725, 27621, 150425, 27621, 725, 1, 0, 0, 0, 0}
2,10,{3},{0, 0, 0, 825, 381469, 18686130, 201919894, 630821850, 201919894, 18686130, 381469, 825, 0, 0, 0}
2,10,{1, 1},{0, 0, 0, 0, 0, 0, 0, 4, 0, 0, 0, 0, 0, 0, 0}
2,10,{2, 1},{0, 0, 0, 0, 45, 5886, 80323, 185040, 80323, 5886, 45, 0, 0, 0, 0}
2,10,{2, 2},{0, 0, 0, 4, 3719, 198864, 1775059, 3588784, 1775059, 198864, 3719, 4, 0, 0, 0}
2,10,{3, 1},{0, 0, 1, 8194, 1377278, 34087218, 206045367, 368774056, 206045367, 34087218, 1377278, 8194, 1, 0, 0}
2,10,{3, 2},{0, 0, 46, 76514, 7869291, 153696476, 827092003, 1428699384, 827092003, 153696476, 7869291, 76514, 46, 0, 0}
2,10,{3, 3},{0, 0, 2475, 1569656, 105909201, 1639946066, 7811925056, 12986470824, 7811925056, 1639946066, 105909201, 1569656, 2475, 0, 0}
2,10,{1, 1, 1},{0, 0, 0, 0, 0, 0, 6, 0, 0, 0, 0, 0, 0}
2,10,{2, 1, 1},{0, 0, 0, 1, 725, 27621, 150421, 27621, 725, 1, 0, 0, 0}
2,10,{2, 2, 1},{0, 0, 0, 179, 31521, 652973, 2729815, 652973, 31521, 179, 0, 0, 0}
2,10,{2, 2, 2},{0, 0, 6, 7626, 584277, 8124821, 28581542, 8124821, 584277, 7626, 6, 0, 0}
2,10,{3, 1, 1},{0, 0, 43, 51890, 3686338, 47782716, 161431551, 47782716, 3686338, 51890, 43, 0, 0}
2,10,{3, 2, 1},{0, 0, 825, 381423, 18679474, 201806064, 630406062, 201806064, 18679474, 381423, 825, 0, 0}
2,10,{3, 2, 2},{0, 1, 10666, 2525883, 91274020, 842982469, 2458058889, 842982469, 91274020, 2525883, 10666, 1, 0}
2,10,{3, 3, 1},{0, 2, 24634, 5806091, 204615726, 1849040800, 5327949049, 1849040800, 204615726, 5806091, 24634, 2, 0}
2,10,{3, 3, 2},{0, 91, 221991, 31856286, 881104610, 7006456097, 19076284589, 7006456097, 881104610, 31856286, 221991, 91, 0}
2,10,{3, 3, 3},{0, 2475, 2420209, 237806889, 5350129483, 37901024644, 97886401390, 37901024644, 5350129483, 237806889, 2420209, 2475, 0}
2,10,{1, 1, 1, 1},{0, 0, 0, 0, 0, 4, 44, 4, 0, 0, 0, 0, 0}
2,10,{2, 1, 1, 1},{0, 0, 0, 45, 5886, 80317, 185020, 80317, 5886, 45, 0, 0, 0}
2,10,{2, 2, 1, 1},{0, 0, 3, 2903, 158746, 1436371, 2917862, 1436371, 158746, 2903, 3, 0, 0}
2,10,{2, 2, 2, 1},{0, 0, 267, 67237, 2109684, 14612717, 27358786, 14612717, 2109684, 67237, 267, 0, 0}
2,10,{2, 2, 2, 2},{0, 4, 7814, 900888, 19360058, 110983038, 195989872, 110983038, 19360058, 900888, 7814, 4, 0}
2,10,{3, 1, 1, 1},{0, 0, 696, 225103, 7402013, 51169727, 95357446, 51169727, 7402013, 225103, 696, 0, 0}
2,10,{3, 2, 1, 1},{0, 1, 8193, 1376507, 34052986, 205787002, 368288170, 205787002, 34052986, 1376507, 8193, 1, 0}
2,10,{3, 2, 2, 1},{0, 46, 76331, 7833827, 152807232, 821853833, 1419465930, 821853833, 152807232, 7833827, 76331, 46, 0}
2,10,{3, 2, 2, 2},{0, 957, 603517, 41931309, 668585854, 3248222920, 5436928970, 3248222920, 668585854, 41931309, 603517, 957, 0}
2,10,{3, 3, 1, 1},{0, 86, 157065, 16098961, 308953776, 1639808689, 2818541538, 1639808689, 308953776, 16098961, 157065, 86, 0}
2,10,{3, 3, 2, 1},{0, 1603, 1102700, 77601735, 1231676834, 5946575560, 9928185260, 5946575560, 1231676834, 77601735, 1102700, 1603, 0}
2,10,{3, 3, 2, 2},{1, 19513, 6848067, 355539454, 4796586805, 21311032195, 34674531022, 21311032195, 4796586805, 355539454, 6848067, 19513, 1}
2,10,{3, 3, 3, 1},{1, 24686, 9156825, 482523171, 6529103348, 29001489665, 47170880796, 29001489665, 6529103348, 482523171, 9156825, 24686, 1}
2,10,{3, 3, 3, 2},{45, 215302, 48574744, 2003662761, 23679573281, 98038110527, 155995325060, 98038110527, 23679573281, 2003662761, 48574744, 215302, 45}
2,10,{3, 3, 3, 3},{825, 1657326, 264829796, 9053378207, 95888127527, 374363005895, 584707789636, 374363005895, 95888127527, 9053378207, 264829796, 1657326, 825}
3,10,{1},{0, 0, 0, 0, 0, 0, 0, 0, 0, 1, 20, 1, 0, 0, 0, 0, 0, 0, 0, 0, 0}
3,10,{2},{0, 0, 0, 0, 1, 4850, 1226841, 57797421, 763665001, 3398571946, 5543786962, 3398571946, 763665001, 57797421, 1226841, 4850, 1, 0, 0, 0, 0}
3,10,{3},{0, 0, 0, 4950, 15860328, 4172107005, 241207564038, 4517070981477, 33203930261712, 106188611833997, 155620330539144, 106188611833997, 33203930261712, 4517070981477, 241207564038, 4172107005, 15860328, 4950, 0, 0, 0}
3,10,{1, 1},{0, 0, 0, 0, 0, 0, 0, 0, 9, 289, 9, 0, 0, 0, 0, 0, 0, 0, 0}
3,10,{2, 1},{0, 0, 0, 0, 120, 99330, 10045958, 242719960, 1833004127, 4907290019, 1833004127, 242719960, 10045958, 99330, 120, 0, 0, 0, 0}
3,10,{2, 2},{0, 0, 0, 4, 24344, 7652574, 457801608, 7995063098, 49675865063, 121231109407, 49675865063, 7995063098, 457801608, 7652574, 24344, 4, 0, 0, 0}
3,10,{3, 1},{0, 0, 1, 103969, 110665349, 15124466397, 532668071453, 6533240072083, 32542657998288, 71358785563978, 32542657998288, 6533240072083, 532668071453, 15124466397, 110665349, 103969, 1, 0, 0}
3,10,{3, 2},{0, 0, 121, 1656499, 918326145, 90271845202, 2617923952676, 28484189809713, 132210315558618, 280505747138556, 132210315558618, 28484189809713, 2617923952676, 90271845202, 918326145, 1656499, 121, 0, 0}
3,10,{3, 3},{0, 0, 14850, 63751842, 21553347387, 1588964942637, 38265601954005, 368572397538201, 1587473647280251, 3249882469222909, 1587473647280251, 368572397538201, 38265601954005, 1588964942637, 21553347387, 63751842, 14850, 0, 0}
3,10,{1, 1, 1},{0, 0, 0, 0, 0, 0, 0, 36, 1701, 5632, 1701, 36, 0, 0, 0, 0, 0, 0, 0}
3,10,{2, 1, 1},{0, 0, 0, 1, 4850, 1226841, 57797421, 763664992, 3398571646, 5543786344, 3398571646, 763664992, 57797421, 1226841, 4850, 1, 0, 0, 0}
3,10,{2, 2, 1},{0, 0, 0, 479, 500530, 64031997, 2012959237, 20699190428, 80126342534, 124956343740, 80126342534, 20699190428, 2012959237, 64031997, 500530, 479, 0, 0, 0}
3,10,{2, 2, 2},{0, 0, 6, 48876, 19864527, 1541191587, 35635047283, 302748483763, 1054329413609, 1589288633184, 1054329413609, 302748483763, 35635047283, 1541191587, 19864527, 48876, 6, 0, 0}
3,10,{3, 1, 1},{0, 0, 118, 1344475, 584990594, 44314786438, 975674022099, 7909859753738, 26678477050790, 39764763044130, 26678477050790, 7909859753738, 975674022099, 44314786438, 584990594, 1344475, 118, 0, 0}
3,10,{3, 2, 1},{0, 0, 4950, 15860207, 4172002705, 241196191909, 4516760418138, 33201090872624, 106178472967904, 155604972172124, 106178472967904, 33201090872624, 4516760418138, 241196191909, 4172002705, 15860207, 4950, 0, 0}
3,10,{3, 2, 2},{0, 1, 118816, 158325231, 27743057013, 1270860545845, 20605918542504, 138602112628740, 422189170871176, 609169339874890, 422189170871176, 138602112628740, 20605918542504, 1270860545845, 27743057013, 158325231, 118816, 1, 0}
3,10,{3, 3, 1},{0, 2, 311884, 446869715, 79332724279, 3613433841218, 57967789656570, 386044423029592, 1168032894788832, 1681380294783354, 1168032894788832, 386044423029592, 57967789656570, 3613433841218, 79332724279, 446869715, 311884, 2, 0}
3,10,{3, 3, 2},{0, 241, 4859746, 3595183243, 457367763413, 17099174419717, 242273572645390, 1493648997714326, 4331170652356392, 6150455852598222, 4331170652356392, 1493648997714326, 242273572645390, 17099174419717, 457367763413, 3595183243, 4859746, 241, 0}
3,10,{3, 3, 3},{0, 14850, 96093558, 44501452413, 4340781181851, 136960039996860, 1734428659768032, 9948095300393381, 27697784939407688, 38818488183355048, 27697784939407688, 9948095300393381, 1734428659768032, 136960039996860, 4340781181851, 44501452413, 96093558, 14850, 0}
3,10,{1, 1, 1, 1},{0, 0, 0, 0, 0, 0, 84, 5604, 38908, 5604, 84, 0, 0, 0, 0, 0, 0}
3,10,{2, 1, 1, 1},{0, 0, 0, 120, 99330, 10045958, 242719924, 1833002372, 4907282108, 1833002372, 242719924, 10045958, 99330, 120, 0, 0, 0}
3,10,{2, 2, 1, 1},{0, 0, 3, 19253, 6222223, 378685430, 6688160765, 41847620171, 102474171379, 41847620171, 6688160765, 378685430, 6222223, 19253, 3, 0, 0}
3,10,{2, 2, 2, 1},{0, 0, 717, 1008847, 169581767, 7053344000, 98196502143, 532832789477, 1219902745137, 532832789477, 98196502143, 7053344000, 169581767, 1008847, 717, 0, 0}
3,10,{2, 2, 2, 2},{0, 4, 49064, 27469188, 2861968387, 88817554387, 1026296601121, 4977069708755, 10804631161710, 4977069708755, 1026296601121, 88817554387, 2861968387, 27469188, 49064, 4, 0}
3,10,{3, 1, 1, 1},{0, 0, 4596, 11822307, 2405312916, 105857891808, 1484191023336, 7990159975398, 18163020697963, 7990159975398, 1484191023336, 105857891808, 2405312916, 11822307, 4596, 0, 0}
3,10,{3, 2, 1, 1},{0, 1, 103968, 110660378, 15123135376, 532599001233, 6532175889710, 32536662757514, 71344935915680, 32536662757514, 6532175889710, 532599001233, 15123135376, 110660378, 103968, 1, 0}
3,10,{3, 2, 2, 1},{0, 121, 1656016, 917800672, 90199560771, 2615379113876, 28453239876990, 132057981156466, 280174526052856, 132057981156466, 28453239876990, 2615379113876, 90199560771, 917800672, 1656016, 121, 0}
3,10,{3, 2, 2, 2},{0, 5307, 20784081, 6920819583, 514293317659, 12561503650347, 122656193415030, 533718412299230, 1098537168663571, 533718412299230, 122656193415030, 12561503650347, 514293317659, 6920819583, 20784081, 5307, 0}
3,10,{3, 3, 1, 1},{0, 236, 4032895, 2378510231, 236981869398, 6855124141621, 74072288865239, 341623229033897, 722187287647887, 341623229033897, 74072288865239, 6855124141621, 236981869398, 2378510231, 4032895, 236, 0}
3,10,{3, 3, 2, 1},{0, 9778, 46126217, 16336492981, 1238200436424, 30357053319829, 295837116365643, 1283341109882817, 2636234491380347, 1283341109882817, 295837116365643, 30357053319829, 1238200436424, 16336492981, 46126217, 9778, 0}
3,10,{3, 3, 2, 2},{1, 227113, 439876783, 103460757486, 6203909993346, 131365594055327, 1166162432360072, 4783505947088979, 9570578896043733, 4783505947088979, 1166162432360072, 131365594055327, 6203909993346, 103460757486, 439876783, 227113, 1}
3,10,{3, 3, 3, 1},{1, 311861, 676617351, 166174010920, 10136449292829, 215979873734540, 1920487705835083, 7877590112174711, 15756445510095124, 7877590112174711, 1920487705835083, 215979873734540, 10136449292829, 166174010920, 676617351, 311861, 1}
3,10,{3, 3, 3, 2},{120, 4755207, 5290228794, 929152724566, 46437362988237, 871303002256469, 7138605214029598, 27869371484687938, 54455501434576643, 27869371484687938, 7138605214029598, 871303002256469, 46437362988237, 929152724566, 5290228794, 4755207, 120}
3,10,{3, 3, 3, 3},{4950, 64372902, 45905343187, 6297792980169, 269089591801132, 4547357221779323, 34755202683370016, 129994898022101400, 248850122929856365, 129994898022101400, 34755202683370016, 4547357221779323, 269089591801132, 6297792980169, 45905343187, 64372902, 4950}
4,10,{1},{0, 0, 0, 0, 0, 0, 0, 0, 0, 1, 111, 1220, 111, 1, 0, 0, 0, 0, 0, 0, 0, 0, 0}
4,10,{2},{0, 0, 0, 0, 1, 13760, 8343621, 926258586, 30239408012, 363045824691, 1806323956328, 3972028010137, 1806323956328, 363045824691, 30239408012, 926258586, 8343621, 13760, 1, 0, 0, 0, 0}
4,10,{3},{0, 0, 0, 13860, 132608916, 83120591840, 10604281154974, 432632907030719, 7089129189876503, 53084420583755418, 196063333058712384, 373067033655928238, 196063333058712384, 53084420583755418, 7089129189876503, 432632907030719, 10604281154974, 83120591840, 132608916, 13860, 0, 0, 0}
4,10,{1, 1},{0, 0, 0, 0, 0, 0, 0, 0, 9, 1193, 19789, 49538, 19789, 1193, 9, 0, 0, 0, 0, 0, 0, 0, 0}
4,10,{2, 1},{0, 0, 0, 0, 210, 439890, 104584041, 6061283186, 117655968177, 899547606848, 2959009647696, 4380384564864, 2959009647696, 899547606848, 117655968177, 6061283186, 104584041, 439890, 210, 0, 0, 0, 0}
4,10,{2, 2},{0, 0, 0, 4, 68894, 50960454, 6902720253, 279057249922, 4252756943182, 27761857459621, 83459171464965, 119982081028834, 83459171464965, 27761857459621, 4252756943182, 279057249922, 6902720253, 50960454, 68894, 4, 0, 0, 0}
4,10,{3, 1},{0, 0, 1, 443629, 1294031201, 412529085100, 32267503215014, 882007574591619, 10149554184307898, 54723298374615976, 147137523283191646, 203897107442704704, 147137523283191646, 54723298374615976, 10149554184307898, 882007574591619, 32267503215014, 412529085100, 1294031201, 443629, 1, 0, 0}
4,10,{3, 2},{0, 0, 211, 9783409, 13407346260, 2913771312036, 181125812724695, 4266679518593545, 44497682199344377, 225275226136228412, 584706777265229433, 801091076046675852, 584706777265229433, 225275226136228412, 44497682199344377, 4266679518593545, 181125812724695, 2913771312036, 13407346260, 9783409, 211, 0, 0}
4,10,{3, 3},{0, 0, 41580, 531371214, 422125800184, 66913750768761, 3379717011588717, 68950501734345338, 650704606895054019, 3083167557686858718, 7704448380772010878, 10425849493397469902, 7704448380772010878, 3083167557686858718, 650704606895054019, 68950501734345338, 3379717011588717, 66913750768761, 422125800184, 531371214, 41580, 0, 0}
4,10,{1, 1, 1},{0, 0, 0, 0, 0, 0, 0, 36, 5757, 134622, 616663, 134622, 5757, 36, 0, 0, 0, 0, 0, 0, 0}
4,10,{2, 1, 1},{0, 0, 0, 1, 13760, 8343621, 926258586, 30239408003, 363045823487, 1806323935124, 3972027938370, 1806323935124, 363045823487, 30239408003, 926258586, 8343621, 13760, 1, 0, 0, 0}
4,10,{2, 2, 1},{0, 0, 0, 839, 2201710, 643953765, 46128903676, 1126752931873, 11142573694720, 49138136634057, 101951455436104, 49138136634057, 11142573694720, 1126752931873, 46128903676, 643953765, 2201710, 839, 0, 0, 0}
4,10,{2, 2, 2},{0, 0, 6, 137976, 129652227, 21992719167, 1116554684564, 21643793358704, 183354481451461, 734575757240931, 1455408002205844, 734575757240931, 183354481451461, 21643793358704, 1116554684564, 21992719167, 129652227, 137976, 6, 0, 0}
4,10,{3, 1, 1},{0, 0, 208, 8452315, 9516814313, 1666676039694, 82657666226207, 1538036355542256, 12511494232078103, 48596905697669033, 94706039079526441, 48596905697669033, 12511494232078103, 1538036355542256, 82657666226207, 1666676039694, 9516814313, 8452315, 208, 0, 0}
4,10,{3, 2, 1},{0, 0, 13860, 132608705, 83120137980, 10604167787422, 432625814904906, 7088975233217128, 53083040334355701, 196057668177501401, 373055722233704321, 196057668177501401, 53083040334355701, 7088975233217128, 432625814904906, 10604167787422, 83120137980, 132608705, 13860, 0, 0}
4,10,{3, 2, 2},{0, 1, 485206, 1692231417, 663130725523, 64485034708218, 2211825673256141, 32292922369269275, 224079470531643790, 789875519258051620, 1469899772085284273, 789875519258051620, 224079470531643790, 32292922369269275, 2211825673256141, 64485034708218, 663130725523, 1692231417, 485206, 1, 0}
4,10,{3, 3, 1},{0, 2, 1330774, 5193743153, 2110670388561, 206871288777977, 7072825508686834, 102551363902273051, 706565611519963685, 2477032653533149824, 4596079554287721657, 2477032653533149824, 706565611519963685, 102551363902273051, 7072825508686834, 206871288777977, 2110670388561, 5193743153, 1330774, 2, 0}
4,10,{3, 3, 2},{0, 421, 28881556, 52462700917, 14472073771283, 1124281912664616, 33039078297829919, 432693481604034611, 2786366858018406967, 9370522003444074441, 17045097598139083069, 9370522003444074441, 2786366858018406967, 432693481604034611, 33039078297829919, 1124281912664616, 14472073771283, 52462700917, 28881556, 421, 0}
4,10,{3, 3, 3},{0, 41580, 798460146, 857327339396, 175656196269030, 11254200632080178, 289607082435251126, 3455924031815197445, 20882412920448754335, 67477411581366000050, 120396390089083303132, 67477411581366000050, 20882412920448754335, 3455924031815197445, 289607082435251126, 11254200632080178, 175656196269030, 857327339396, 798460146, 41580, 0}
4,10,{1, 1, 1, 1},{0, 0, 0, 0, 0, 0, 84, 16408, 522338, 3818416, 7318036, 3818416, 522338, 16408, 84, 0, 0, 0, 0, 0, 0}
4,10,{2, 1, 1, 1},{0, 0, 0, 210, 439890, 104584041, 6061283150, 117655962366, 899547464083, 2959008856833, 4380383232462, 2959008856833, 899547464083, 117655962366, 6061283150, 104584041, 439890, 210, 0, 0, 0}
4,10,{2, 2, 1, 1},{0, 0, 3, 54713, 41723293, 5758949964, 235769016961, 3624159775338, 23793392487314, 71762800296079, 103277256022366, 71762800296079, 23793392487314, 3624159775338, 235769016961, 5758949964, 41723293, 54713, 3, 0, 0}
4,10,{2, 2, 2, 1},{0, 0, 1257, 4408057, 1651146557, 149838347616, 4658052380562, 59462343131733, 345866393062962, 973868708162808, 1370604666591696, 973868708162808, 345866393062962, 59462343131733, 4658052380562, 149838347616, 1651146557, 4408057, 1257, 0, 0}
4,10,{2, 2, 2, 2},{0, 4, 138164, 175876788, 38841967387, 2533074152181, 63069215214280, 692080260219908, 3646118825643392, 9704582427344045, 13410528891040198, 9704582427344045, 3646118825643392, 692080260219908, 63069215214280, 2533074152181, 38841967387, 175876788, 138164, 4, 0}
4,10,{3, 1, 1, 1},{0, 0, 13236, 107238735, 54462910166, 5549790125726, 179110118226336, 2295910005017579, 13254027882359506, 37018588082525458, 51930328333243868, 37018588082525458, 13254027882359506, 2295910005017579, 179110118226336, 5549790125726, 54462910166, 107238735, 13236, 0, 0}
4,10,{3, 2, 1, 1},{0, 1, 443628, 1294017230, 412520287829, 32266464028766, 881970347641844, 10149043243108222, 54720229457249324, 147128785921650667, 203884783002213562, 147128785921650667, 54720229457249324, 10149043243108222, 881970347641844, 32266464028766, 412520287829, 1294017230, 443628, 1, 0}
4,10,{3, 2, 2, 1},{0, 211, 9782566, 13405074607, 2913073756217, 181072032562960, 4265221518224888, 44481042459806425, 225186284020833166, 584469269492046611, 800762810670209946, 584469269492046611, 225186284020833166, 44481042459806425, 4265221518224888, 181072032562960, 2913073756217, 13405074607, 9782566, 211, 0}
4,10,{3, 2, 2, 2},{0, 14487, 161831859, 123335906321, 19403331750903, 985197773935131, 20290753149524867, 193358934210669971, 923470081890684098, 2319430894859636560, 3144211137406008198, 2319430894859636560, 923470081890684098, 193358934210669971, 20290753149524867, 985197773935131, 19403331750903, 123335906321, 161831859, 14487, 0}
4,10,{3, 3, 1, 1},{0, 416, 25346515, 38291646821, 8608222216131, 540009652258265, 12710112412312875, 131987302664412033, 665146528060895229, 1720781104037800165, 2354853161475212924, 1720781104037800165, 665146528060895229, 131987302664412033, 12710112412312875, 540009652258265, 8608222216131, 38291646821, 25346515, 416, 0}
4,10,{3, 3, 2, 1},{0, 27508, 388521611, 324171676038, 52900162446223, 2723093712956680, 56280213593038140, 535885354943828915, 2554028324664157228, 6403490689812384077, 8674749865440680704, 6403490689812384077, 2554028324664157228, 535885354943828915, 56280213593038140, 2723093712956680, 52900162446223, 324171676038, 388521611, 27508, 0}
4,10,{3, 3, 2, 2},{1, 941533, 4781865985, 2482584591108, 308219782098815, 13318234372205193, 244713797308035728, 2151893046629848239, 9739854044359917259, 23718021376135000789, 31828660933362849132, 23718021376135000789, 9739854044359917259, 2151893046629848239, 244713797308035728, 13318234372205193, 308219782098815, 2482584591108, 4781865985, 941533, 1}
4,10,{3, 3, 3, 1},{1, 1330661, 7817043813, 4317784917401, 551219661126212, 24118483439570062, 445466607966224333, 3923895444039986968, 17764054452283707759, 43248775595050185354, 58030911176296404752, 43248775595050185354, 17764054452283707759, 3923895444039986968, 445466607966224333, 24118483439570062, 551219661126212, 4317784917401, 7817043813, 1330661, 1}
4,10,{3, 3, 3, 2},{210, 28427277, 77077641639, 28810552296826, 2910593747524675, 109275877298673330, 1818618430337446148, 14920712471932838188, 64489861978602471210, 152940581609827762953, 203475579025711933976, 152940581609827762953, 64489861978602471210, 14920712471932838188, 1818618430337446148, 109275877298673330, 2910593747524675, 28810552296826, 77077641639, 28427277, 210}
4,10,{3, 3, 3, 3},{13860, 533242314, 870433135484, 245573510539795, 20719612706783741, 687384374447053069, 10483364779504850381, 80907955241590462126, 335768802578378745817, 777943026879352389680, 1027153969779975959034, 777943026879352389680, 335768802578378745817, 80907955241590462126, 10483364779504850381, 687384374447053069, 20719612706783741, 245573510539795, 870433135484, 533242314, 13860}
5,10,{1},{0, 0, 0, 0, 0, 0, 0, 0, 0, 1, 152, 3004, 8204, 3004, 152, 1, 0, 0, 0, 0, 0, 0, 0, 0, 0}
5,10,{2},{0, 0, 0, 0, 1, 19304, 15388263, 2206230708, 93286270462, 1471833677292, 9849790919188, 30057566343211, 43427888504570, 30057566343211, 9849790919188, 1471833677292, 93286270462, 2206230708, 15388263, 19304, 1, 0, 0, 0, 0}
5,10,{3},{0, 0, 0, 19404, 265792428, 220053903784, 35900102773899, 1852526214506648, 38410905038683232, 366859083200436189, 1752690537481256273, 4401114370544219790, 5965271807641481004, 4401114370544219790, 1752690537481256273, 366859083200436189, 38410905038683232, 1852526214506648, 35900102773899, 220053903784, 265792428, 19404, 0, 0, 0}
5,10,{1, 1},{0, 0, 0, 0, 0, 0, 0, 0, 9, 1609, 42660, 211868, 42660, 1609, 9, 0, 0, 0, 0, 0, 0, 0, 0}
5,10,{2, 1},{0, 0, 0, 0, 252, 710556, 219334224, 16410577248, 415091565743, 4215145346335, 18923785527976, 39617990023852, 18923785527976, 4215145346335, 415091565743, 16410577248, 219334224, 710556, 252, 0, 0, 0, 0}
5,10,{2, 2},{0, 0, 0, 4, 96614, 93619752, 16246652763, 839591628326, 16498708108916, 141169515777511, 569276046290679, 1131550540047461, 569276046290679, 141169515777511, 16498708108916, 839591628326, 16246652763, 93619752, 96614, 4, 0, 0, 0}
5,10,{3, 1},{0, 0, 1, 712555, 2886001847, 1202775324890, 120148032407129, 4168813914217907, 61131781877218391, 424676192525707023, 1496864847989863430, 2784836733359702003, 1496864847989863430, 424676192525707023, 61131781877218391, 4168813914217907, 120148032407129, 1202775324890, 2886001847, 712555, 1, 0, 0}
5,10,{3, 2},{0, 0, 253, 17528971, 32215144665, 8987129249538, 705277653344812, 20906514012386001, 275740531434857092, 1785175323647628629, 6025077656007575213, 10979395005397646972, 6025077656007575213, 1785175323647628629, 275740531434857092, 20906514012386001, 705277653344812, 8987129249538, 32215144665, 17528971, 253, 0, 0}
5,10,{3, 3},{0, 0, 58212, 1064507796, 1113803368172, 224491908465149, 14219954886860797, 362914643243997028, 4304751493708411273, 25901545202760970216, 83469064063252519169, 148732048274310761514, 83469064063252519169, 25901545202760970216, 4304751493708411273, 362914643243997028, 14219954886860797, 224491908465149, 1113803368172, 1064507796, 58212, 0, 0}
5,10,{1, 1, 1},{0, 0, 0, 0, 0, 0, 0, 36, 7641, 265242, 2061516, 4035627, 2061516, 265242, 7641, 36, 0, 0, 0, 0, 0, 0, 0}
5,10,{2, 1, 1},{0, 0, 0, 1, 19304, 15388263, 2206230708, 93286270453, 1471833675672, 9849790874615, 30057566082675, 43427888064425, 30057566082675, 9849790874615, 1471833675672, 93286270453, 2206230708, 15388263, 19304, 1, 0, 0, 0}
5,10,{2, 2, 1},{0, 0, 0, 1007, 3552964, 1341941289, 122831386428, 3848439060763, 49443216700838, 288944241512097, 815914120648253, 1149398522492049, 815914120648253, 288944241512097, 49443216700838, 3848439060763, 122831386428, 1341941289, 3552964, 1007, 0, 0, 0}
5,10,{2, 2, 2},{0, 0, 6, 193416, 237279087, 51190134909, 3284887936858, 80848463965357, 879892989261846, 4609769116436981, 12229644097380682, 16881803198230963, 12229644097380682, 4609769116436981, 879892989261846, 80848463965357, 3284887936858, 51190134909, 237279087, 193416, 6, 0, 0}
5,10,{3, 1, 1},{0, 0, 250, 15391057, 23541767624, 5355277625367, 339480719451253, 8060703453359436, 84286462561354360, 426875820279051431, 1107666122901461418, 1517331785861462365, 1107666122901461418, 426875820279051431, 84286462561354360, 8060703453359436, 339480719451253, 5355277625367, 23541767624, 15391057, 250, 0, 0}
5,10,{3, 2, 1},{0, 0, 19404, 265792175, 220053173672, 35899867340856, 1852507378364468, 38410380250269779, 366852981129846818, 1752657548759462622, 4401025771202321747, 5965149143772920525, 4401025771202321747, 1752657548759462622, 366852981129846818, 38410380250269779, 1852507378364468, 35899867340856, 220053173672, 265792175, 19404, 0, 0}
5,10,{3, 2, 2},{0, 1, 770764, 3683993553, 1865724269927, 229032932197300, 9845519835731687, 180510888019320159, 1586162964755113391, 7178527586130333459, 17482290638458758906, 23461744206527138153, 17482290638458758906, 7178527586130333459, 1586162964755113391, 180510888019320159, 9845519835731687, 229032932197300, 1865724269927, 3683993553, 770764, 1, 0}
5,10,{3, 3, 1},{0, 2, 2137510, 11571673955, 6123781992026, 761211415833080, 32709177296253051, 596487632392126136, 5207404794580556034, 23434562111254437192, 56858980780636263630, 76207546382993908585, 56858980780636263630, 23434562111254437192, 5207404794580556034, 596487632392126136, 32709177296253051, 761211415833080, 6123781992026, 11571673955, 2137510, 2, 0}
5,10,{3, 3, 2},{0, 505, 51836236, 126147454051, 44486413152049, 4332889343435777, 158686386774892387, 2595361857611213479, 21036263701492439833, 90191857557205019594, 212907167051932683574, 282829592876723249477, 212907167051932683574, 90191857557205019594, 21036263701492439833, 2595361857611213479, 158686386774892387, 4332889343435777, 44486413152049, 126147454051, 51836236, 505, 0}
5,10,{3, 3, 3},{0, 58212, 1598768820, 2254718515588, 584285080540561, 46594154932811643, 1485449051482794185, 22013582072477782388, 166457920956452392684, 681369701554907464813, 1566171978269342385709, 2062516550272998443831, 1566171978269342385709, 681369701554907464813, 166457920956452392684, 22013582072477782388, 1485449051482794185, 46594154932811643, 584285080540561, 2254718515588, 1598768820, 58212, 0}
5,10,{1, 1, 1, 1},{0, 0, 0, 0, 0, 0, 84, 21444, 963018, 10872182, 35499389, 10872182, 963018, 21444, 84, 0, 0, 0, 0, 0, 0}
5,10,{2, 1, 1, 1},{0, 0, 0, 252, 710556, 219334224, 16410577212, 415091558048, 4215145070234, 18923783115898, 39617983502973, 18923783115898, 4215145070234, 415091558048, 16410577212, 219334224, 710556, 252, 0, 0, 0}
5,10,{2, 2, 1, 1},{0, 0, 3, 76805, 76791073, 13586365344, 711277972669, 14103405031305, 121417600534554, 491521118277437, 978829105852657, 491521118277437, 121417600534554, 14103405031305, 711277972669, 13586365344, 76791073, 76805, 3, 0, 0}
5,10,{2, 2, 2, 1},{0, 0, 1509, 7106455, 3419854463, 392935641108, 15462685200531, 251983146656675, 1899195425792102, 7075173585208767, 13536234464143677, 7075173585208767, 1899195425792102, 251983146656675, 15462685200531, 392935641108, 3419854463, 7106455, 1509, 0, 0}
5,10,{2, 2, 2, 2},{0, 4, 193604, 320684088, 89469082717, 7302760686607, 227913597151460, 3161624010277118, 21353325996801427, 74268397407629741, 137458344644727561, 74268397407629741, 21353325996801427, 3161624010277118, 227913597151460, 7302760686607, 89469082717, 320684088, 193604, 4, 0}
5,10,{3, 1, 1, 1},{0, 0, 18654, 219600603, 149209000309, 19685060897489, 814398995255364, 13414395683341856, 100585299832753477, 371477776808880841, 706638225023819714, 371477776808880841, 100585299832753477, 13414395683341856, 814398995255364, 19685060897489, 149209000309, 219600603, 18654, 0, 0}
5,10,{3, 2, 1, 1},{0, 1, 712554, 2885982290, 1202759206767, 120145591453934, 4168702011139498, 61129801665706514, 424660655755808792, 1496806016847335504, 2784723629915319183, 1496806016847335504, 424660655755808792, 61129801665706514, 4168702011139498, 120145591453934, 1202759206767, 2885982290, 712554, 1, 0}
5,10,{3, 2, 2, 1},{0, 253, 17527960, 32211493828, 8985689424977, 705137014030108, 20901686739733236, 275670325979420832, 1784691551528291848, 6023384597813596208, 10976258524224435357, 6023384597813596208, 1784691551528291848, 275670325979420832, 20901686739733236, 705137014030108, 8985689424977, 32211493828, 17527960, 253, 0}
5,10,{3, 2, 2, 2},{0, 20157, 318201531, 316712326234, 63023394816613, 4000197639426175, 102871516310704570, 1231099237849279386, 7466401975175822149, 24200495956490472186, 43253215803971933566, 24200495956490472186, 7466401975175822149, 1231099237849279386, 102871516310704570, 4000197639426175, 63023394816613, 316712326234, 318201531, 20157, 0}
5,10,{3, 3, 1, 1},{0, 500, 46155415, 94554154847, 27469753151477, 2184388838411984, 64855301748130403, 852813246067179895, 5498165972796308320, 18491005292287058047, 33629440958603272489, 18491005292287058047, 5498165972796308320, 852813246067179895, 64855301748130403, 2184388838411984, 27469753151477, 94554154847, 46155415, 500, 0}
5,10,{3, 3, 2, 1},{0, 38554, 780454691, 858383255813, 178182083376193, 11506121955403532, 297576427688758873, 3562615819016219193, 21572183156698325124, 69793438239293296157, 124601641620578170267, 69793438239293296157, 21572183156698325124, 3562615819016219193, 297576427688758873, 11506121955403532, 178182083376193, 858383255813, 780454691, 38554, 0}
5,10,{3, 3, 2, 2},{1, 1501309, 10462590979, 7002759500988, 1091535443976251, 58632490453512402, 1338361999604554784, 14701182098967181654, 83992821864809324757, 262111990147301836736, 459907612032451349906, 262111990147301836736, 83992821864809324757, 14701182098967181654, 1338361999604554784, 58632490453512402, 1091535443976251, 7002759500988, 10462590979, 1501309, 1}
5,10,{3, 3, 3, 1},{1, 2137355, 17399014251, 12468005807031, 2005913099241526, 109359612371848632, 2512809985393175147, 27671507512025956613, 158193873567331644227, 493615878518460505241, 865944568723014697863, 493615878518460505241, 158193873567331644227, 27671507512025956613, 2512809985393175147, 109359612371848632, 2005913099241526, 12468005807031, 17399014251, 2137355, 1}
5,10,{3, 3, 3, 2},{252, 51105621, 185423447598, 88243349316023, 11105353408068579, 515237610130041875, 10596348368055588406, 108031455027433820396, 586124384205623201033, 1770229613799259433294, 3057174411196250193280, 1770229613799259433294, 586124384205623201033, 108031455027433820396, 10596348368055588406, 515237610130041875, 11105353408068579, 88243349316023, 185423447598, 51105621, 252}
5,10,{3, 3, 3, 3},{19404, 1067183964, 2281874375572, 810224214575279, 84514853052618651, 3444671971126938635, 64588930415173679047, 616375867292419380333, 3194465423916477597657, 9372704173137733120541, 15960914222969492214034, 9372704173137733120541, 3194465423916477597657, 616375867292419380333, 64588930415173679047, 3444671971126938635, 84514853052618651, 810224214575279, 2281874375572, 1067183964, 19404}
